Name,Category,Type
Amador Double Barrel,American,Kentucky Straight Bourbon
Angel’s Envy,American,Kentucky Straight Bourbon
Basil Hayden’s,American,Kentucky Straight Bourbon
Booker’s Front Porch,American,Kentucky Straight Bourbon
Booker’s Kathleen’s Batch,American,Kentucky Straight Bourbon
Buffalo Trace,American,Kentucky Straight Bourbon
Bulleit 10 Year,American,Kentucky Straight Bourbon
Bulleit Bourbon,American,Kentucky Straight Bourbon
Eagle Rare,American,Kentucky Straight Bourbon
Elijah Craig,American,Kentucky Straight Bourbon
Elijah Craig Small Batch,American,Kentucky Straight Bourbon
Evan Williams,American,Kentucky Straight Bourbon
Ezra Brooks 90 Proof,American,Kentucky Straight Bourbon
George T Stagg,American,Kentucky Straight Bourbon
I.W. Harper,American,Kentucky Straight Bourbon
Jim Beam,American,Kentucky Straight Bourbon
Jim Beam Devil’s Cut,American,Kentucky Straight Bourbon
Knob Creek,American,Kentucky Straight Bourbon
Maker’s Mark,American,Kentucky Straight Bourbon
Maker’s Mark 46,American,Kentucky Straight Bourbon
Old Charter,American,Kentucky Straight Bourbon
Old Forester 86,American,Kentucky Straight Bourbon
Old Forester 100,American,Kentucky Straight Bourbon
Old Forester 1870,American,Kentucky Straight Bourbon
Old Forester 1897,American,Kentucky Straight Bourbon
Old Forester 1910,American,Kentucky Straight Bourbon
Old Forester 1920,American,Kentucky Straight Bourbon
Old Forester Statesman,American,Kentucky Straight Bourbon
Old Rip Van Winkle 10 Year,American,Kentucky Straight Bourbon
Rebel Yell,American,Kentucky Straight Bourbon
Redemption Bourbon,American,Kentucky Straight Bourbon
Russell’s Reserve 10 Year,American,Kentucky Straight Bourbon
Stagg Jr.,American,Kentucky Straight Bourbon
Van Winkle Special Reserve 12 Year,American,Kentucky Straight Bourbon
Wild Turkey 101,American,Kentucky Straight Bourbon
Wild Turkey 81,American,Kentucky Straight Bourbon
Wild Turkey Decades,American,Kentucky Straight Bourbon
Wild Turkey Kentucky Spirit,American,Kentucky Straight Bourbon
Wild Turkey Master’s Keep,American,Kentucky Straight Bourbon
Wild Turkey Rare Breed,American,Kentucky Straight Bourbon
Woodford Reserve,American,Kentucky Straight Bourbon
Woodford Reserve Double Oaked,American,Kentucky Straight Bourbon
Yellowstone Select,American,Kentucky Straight Bourbon
1792 Small Batch,American,Small Batch Bourbon
Bib & Tucker 6 Year,American,Small Batch Bourbon
Colonel E.H. Taylor Small Batch,American,Small Batch Bourbon
Jefferson’s Reserve,American,Small Batch Bourbon
Larceny small batch,American,Small Batch Bourbon
Wild Turkey Longbranch,American,Small Batch Bourbon
American Born,American,Straight Bourbon
Baker’s 7 Year,American,Straight Bourbon
Breckenridge,American,Straight Bourbon
George Remus,American,Straight Bourbon
Remus Repeal Reserve,American,Straight Bourbon
Old Weller Antique 107,American,Wheated Bourbon
W.L. Weller 12 Year,American,Wheated Bourbon
W.L. Weller Special Reserve,American,Wheated Bourbon
Blanton’s Original,American,Single Barrel Bourbon
Elmer T. Lee Single Barrel,American,Single Barrel Bourbon
Evan Williams Single Barrel,American,Single Barrel Bourbon
Henry McKenna Singel Barrel,American,Single Barrel Bourbon
Jack Daniel’s Single Barrel,American,Single Barrel Bourbon
Jim Beam Single Barrel,American,Single Barrel Bourbon
Knob Creek Single Barrel Reserve,American,Single Barrel Bourbon
Michter’s 10 Year Single Barrel,American,Single Barrel Bourbon
Flavored Bourbon,American,Single Barrel Bourbon
Evan Williams Cherry,American,Single Barrel Bourbon
Evan Williams Peach,American,Single Barrel Bourbon
Jim Beam Peach,American,Single Barrel Bourbon
Rebel Yell Ginger,American,Single Barrel Bourbon
Rebel Yell Root Beer,American,Single Barrel Bourbon
Wild Turkey American Honey,American,Single Barrel Bourbon
Angel’s Envy Finished Rye,American,Rye Whiskey
Bulleit 95 Rye,American,Rye Whiskey
George Dickel Rye Whisky,American,Rye Whiskey
Jack Daniel’s Single Barrel Rye,American,Rye Whiskey
Jack Daniel’s Tennessee Rye,American,Rye Whiskey
Masterson’s 10 Year Rye,American,Rye Whiskey
Mitcher’s Single Barrel 10 Year Rye,American,Rye Whiskey
Old Forester Rye,American,Rye Whiskey
Pikesville Straight Rye,American,Rye Whiskey
Redemption High Rye,American,Rye Whiskey
Redemption Rye,American,Rye Whiskey
Rittenhouse Rye,American,Rye Whiskey
Russell’s Reserve 6 Year,American,Rye Whiskey
Sazerac Rye,American,Rye Whiskey
Templeton Rye 6 Year,American,Rye Whiskey
Templeton Rye 4 Year,American,Rye Whiskey
Thomas H. Handy Sazerac Straight Rye,American,Rye Whiskey
Whistlepig,American,Rye Whiskey
Whistlepig 10 Year,American,Rye Whiskey
Whistlepig 12 Year,American,Rye Whiskey
Whistlepig Piggyback,American,Rye Whiskey
Wild Turkey Cornerstone,American,Rye Whiskey
Wild Turkey Rye 81,American,Rye Whiskey
Woodford Reserve Rye,American,Rye Whiskey
Gentleman Jack,American,Tennessee Whiskey
George Dickel Barrel Select,American,Tennessee Whiskey
George Dickel Classic No. 8 Whisky,American,Tennessee Whiskey
George Dickel Superior No. 12 Whisky,American,Tennessee Whiskey
George Dickel Tabasco Barrel Finish,American,Tennessee Whiskey
Jack Daniel’s Old No. 7 Bar,American,Tennessee Whiskey
Bernheim Original Wheat,American,Wheated Whiskey
Beach Coconut,American,Flavored Whiskey
Dr. McGillicuddy’s Blackberry,American,Flavored Whiskey
Jack Daniel’s Tennessee Apple,American,Flavored Whiskey
Jack Daniel’s Tennessee Fire,American,Flavored Whiskey
Jack Daniel’s Tennessee Honey,American,Flavored Whiskey
Skrewball,American,Flavored Whiskey
Chivas Regal 12 Blended Scotch,Scotch,Blended Scotch Whisky
Dewar’s White Label,Scotch,Blended Scotch Whisky
J&B Rare,Scotch,Blended Scotch Whisky
Jane Walker by Johnnie Walker,Scotch,Blended Scotch Whisky
John Barr,Scotch,Blended Scotch Whisky
Johnnie Walker Black Label 12 Year,Scotch,Blended Scotch Whisky
Johnnie Walker Blue Label,Scotch,Blended Scotch Whisky
Johnnie Walker Double Black,Scotch,Blended Scotch Whisky
Johnnie Walker Gold Label Reserve,Scotch,Blended Scotch Whisky
Johnnie Walker Green Label,Scotch,Blended Scotch Whisky
Johnnie Walker Red Label,Scotch,Blended Scotch Whisky
Johnnie White Walker,Scotch,Blended Scotch Whisky
Aberfeldy 12 Year,Scotch,Highland Single Malt Scotch Whisky
Glenmorangie Original 10 Year,Scotch,Highland Single Malt Scotch Whisky
Glenmorangie Quinta Ruban,Scotch,Highland Single Malt Scotch Whisky
The Dalmore 12,Scotch,Highland Single Malt Scotch Whisky
Ardbeg,Scotch,Islay Single Malt Scotch Whisky
Lagavulin 8 year,Scotch,Islay Single Malt Scotch Whisky
Lagavulin 9 year,Scotch,Islay Single Malt Scotch Whisky
Laphroaig 10 Year,Scotch,Islay Single Malt Scotch Whisky
Monkey Shoulder,Scotch,Blended Malt Scotch Whisky
Shackleton,Scotch,Blended Malt Scotch Whisky
Glen Grant 12 Year,Scotch,Single Malt Scotch Whisky
Glenfiddich 12 Year Old,Scotch,Single Malt Scotch Whisky
Glenfiddich 15 Year Old,Scotch,Single Malt Scotch Whisky
Talisker Storm,Scotch,Single Malt Scotch Whisky
The Balvenie Caribbean Cask 14,Scotch,Single Malt Scotch Whisky
The Balvenie Doublewood 12,Scotch,Single Malt Scotch Whisky
The Balvenie Doublewood 17,Scotch,Single Malt Scotch Whisky
The Glenlivet 12,Scotch,Single Malt Scotch Whisky
2 Gingers,Irish,
Bushmills Black Bush,Irish,
Bushmills Original,Irish,
Bushmills Red,Irish,
Jameson Caskmates IPA Edition,Irish,
Jameson Caskmates Stout Edition,Irish,
Jameson Gold Reserve,Irish,
Jameson Irish,Irish,
Midleton Vintage Release,Irish,
Paddy’s Old Irish Whiskey,Irish,
Redbreast 12 Year,Irish,
Slane Irish,Irish,
Teeling,Irish,
Teeling Small Batch,Irish,
The Quiet Man Original,Irish,
The Sexton Single Malt,Irish,
Tullamore Dew,Irish,
Tullamore Dew 10 Year,Irish,
Tullamore Dew Phoenix,Irish,
Writers’ Tears Copper Pot,Irish,
Canadian Club 1858,Canadian,
Canadian Club Reserve 9 Year,Canadian,
Caribou Crossing Single Barrel,Canadian,
Crown Royal,Canadian,
Crown Royal Black,Canadian,
Crown Royal Blender’s Mash,Canadian,
Crown Royal Cornerstone Blend,Canadian,
Crown Royal Northern Harvest Rye,Canadian,
Crown Royal Reserve,Canadian,
Crown Royal XO,Canadian,
Crown Royal XR,Canadian,
Forty Creek Barrel Select,Canadian,
Forty Creek Double Barrel Reserve,Canadian,
Lord Calvert,Canadian,
Pendleton Original,Canadian,
Pike Creek,Canadian,
Seagram’s 7,Canadian,
Crown Royal Maple,Canadian,Flavored Canadian Whisky
Crown Royal Peach,Canadian,Flavored Canadian Whisky
Crown Royal Salted Caramel,Canadian,Flavored Canadian Whisky
Crown Royal Vanilla,Canadian,Flavored Canadian Whisky
Fireball,Canadian,Flavored Canadian Whisky